exp_name,Batch,test_loss,mean_length,n_samples,uniq_samples,good_samples,bad_samples,novelty,hard_novelty,soft_novelty,diversity,conciseness,solubility,naturalness,synthesizability,model_samples,neg-loglike,D_loss_0,Accuracy_0
test6CNN,0,6.2431883812,30.18390625,32000,31839,2228,29772,1.0,1.0,1.0,0.60446240671,0.932293536804,0.499063564127,0.612241029045,0.53220107174,test6CNN_0,699.07043457,2.00251102448,0.9375
test6CNN,1,6.16170024872,31.0753125,6400,6390,203,6197,1.0,1.0,1.0,0.91528821257,0.964039408867,0.511378604206,0.801334886034,0.370067541351,test6CNN_1,384.492767334,1.58565783501,1.0
test6CNN,2,6.04403543472,23.71578125,6400,6311,652,5748,1.0,1.0,1.0,0.711484237847,0.974923312883,0.491251511383,0.546974788927,0.696055222154,test6CNN_2,286.431610107,1.4583170414,0.9375
test6CNN,3,6.13671159744,24.8915625,6400,6349,227,6173,1.0,1.0,1.0,0.733881784787,0.951762114537,0.458031052328,0.647752910832,0.43870385219,test6CNN_3,687.672485352,1.15927624702,0.875
test6CNN,4,6.31334114075,31.76109375,6400,6394,70,6330,1.0,1.0,1.0,0.753509607565,0.952142857143,0.448827283418,0.684848661493,0.346302447645,test6CNN_4,136.385681152,0.850286126137,1.0
