exp_name,Batch,test_loss,mean_length,n_samples,uniq_samples,good_samples,bad_samples,novelty,hard_novelty,soft_novelty,diversity,conciseness,solubility,naturalness,synthesizability,model_samples,neg-loglike,D_loss_0,Accuracy_0
test5CNN,0,6.35916614532,33.676625,32000,31976,1112,30888,1.0,1.0,1.0,0.588078781317,0.890782374101,0.490669871516,0.689969655311,0.3560457164,test5CNN_0,114.60256958,2.91086983681,0.8125
test5CNN,1,6.03025531769,22.1109375,6400,6243,929,5471,1.0,1.0,1.0,0.655444085132,0.934768568353,0.510149936609,0.645685300483,0.64590402269,test5CNN_1,127.395355225,1.59539437294,1.0
test5CNN,2,5.86560773849,17.20375,6400,5397,1862,4538,1.0,1.0,1.0,0.645890847602,0.972207303974,0.513130604352,0.586310278497,0.821142184309,test5CNN_2,85.514831543,1.71288740635,0.875
test5CNN,3,5.76774597168,15.370625,6400,4581,2355,4045,1.0,1.0,1.0,0.677374420795,0.974649681529,0.515283157059,0.589735901934,0.843130128799,test5CNN_3,133.583297729,1.01587212086,1.0
test5CNN,4,5.74356460571,16.03046875,6400,4127,2816,3584,1.0,1.0,1.0,0.65960060544,0.975443892045,0.51834921887,0.574003679878,0.878504392568,test5CNN_4,182.509979248,0.784810483456,1.0
